logo,name,address,description
logo_1,Кодерский Карнавал,"Улица Ленина, дом 1","Конференция по разработке программного обеспечения: Присоединяйтесь к нам на нашем ежегодном событии, посвященном разработке программного обеспечения, где ведущие эксперты и инноваторы отрасли собираются для обсуждения последних технологических трендов, методологий разработки и лучших практик. От сессий по кодированию и архитектуре до дискуссий о DevOps и Agile - здесь вы найдете всё для вдохновения и обогащения вашей профессиональной практики."
logo_2,DataFlow Forum,"Проспект Мира, дом 5","Конференция по анализу данных и искусственному интеллекту: Это событие создано для того, чтобы исследовать весь спектр возможностей, открытых в области анализа данных и искусственного интеллекта. Участники смогут углубиться в темы машинного обучения, обработки больших данных и предсказательной аналитики через практические сессии, кейс-стади и обмен опытом с лучшими специалистами отрасли."
logo_3,АйТи Шторм,"Переулок Центральный, дом 10","Конференция по кибербезопасности: Наше мероприятие предоставляет уникальную платформу для обсуждения вопросов кибербезопасности, с акцентом на важность защиты данных и инфраструктуры в современном цифровом мире. Ведущие эксперты поделятся своими знаниями о новейших угрозах, стратегиях предотвращения атак и создании устойчивых систем безопасности."
logo_4,CyberVerse Summit,"Бульвар Победы, дом 15","Конференция по облачным технологиям и DevOps: Мы собираем профессионалов для изучения тенденций и лучших практик в области облачных технологий и DevOps. Это мероприятие предлагает участникам глубокое погружение в автоматизацию процессов, масштабирование инфраструктуры и стратегии управления цифровыми проектами, необходимые для достижения высокой операционной эффективности и инновационного развития."
logo_5,Облака и Бизнес,"Проспект Ленинградский, дом 20","Саммит по искусственному интеллекту и машинному обучению: На нашем событии участники смогут узнать о последних достижениях в области искусственного интеллекта и машинного обучения, их приложениях в различных отраслях и перспективах будущего развития. От теоретических основ до практических кейс-стади - мы предлагаем всестороннее погружение в эту важную сферу современных технологий."
logo_6,DevOps Революция,"Улица Гагарина, дом 25","Конференция по UX/UI дизайну: Наше мероприятие предоставляет уникальную возможность для профессионалов UX/UI дизайна углубиться в темы пользовательского опыта и интерфейсного дизайна. Участники будут исследовать передовые методики проектирования, проводить дискуссии о том, как создавать удобные и интуитивно понятные пользовательские интерфейсы, и делиться своими лучшими практиками."
logo_7,Blockchain Волна,"Переулок Парковый, дом 30","Форум по блокчейн технологиям: Наш форум собирает ведущих специалистов и инноваторов в области блокчейн технологий для обсуждения потенциала и применения блокчейн в различных секторах. Мы исследуем как блокчейн меняет ландшафт финансов, логистики, здравоохранения и других отраслей, предлагая практические примеры и вдохновляющие кейс-стади."
logo_8,UX Салон,"Проезд Советский, дом 35","Конференция по IoT и инновациям: На нашей конференции участники смогут изучить последние технологии и тренды в области интернета вещей (IoT) и их влияния на бизнес и общество. Мы обсудим как IoT трансформирует умные города, промышленные процессы и жизнь людей, и какие возможности это открывает для инноваций и развития новых продуктов."
logo_9,Технотроп,"Улица Железнодорожная, дом 40","Хакатон для разработчиков: Наш хакатон приглашает талантливых программистов и разработчиков для соревнования и создания инновационных решений в сжатые сроки. Участники смогут работать над реальными задачами, использовать новейшие технологии и инструменты, и консультироваться с менторами, чтобы раскрыть свой потенциал и получить признание в индустрии."
logo_10,IoT Исследования,"Проспект Космонавтов, дом 45","Форум по Big Data и аналитике: Наше мероприятие посвящено глубокому анализу данных и их влиянию на бизнес-процессы и принятие решений. Участники изучат передовые методики сбора, обработки и интерпретации больших объемов данных, обсудят лучшие практики в области предсказательной аналитики и BI, и узнают, как эффективно использовать данные для достижения стратегических целей и устойчивого роста."
logo_11,CodeJam Blitz,"Улица Строителей, дом 50","Конференция по цифровой трансформации: Наши эксперты и лидеры индустрии собираются на этом событии, чтобы обсудить ключевые аспекты цифровой трансформации. Участники узнают о стратегиях адаптации к изменениям рынка, внедрении новых технологий и переосмыслении бизнес-моделей в эру цифровых возможностей."
logo_12,DataFusion Expo,"Переулок Зеленый, дом 55","Конференция по киберфизическим системам: Это событие предназначено для изучения интеграции физических и цифровых миров в различных промышленных и технологических контекстах. Участники углубятся в темы Интернета вещей, автоматизации производственных процессов и создания умных систем, способных оптимизировать работу и улучшить качество жизни."
logo_13,AI Nexus Summit,"Бульвар Центральный, дом 60","Форум по киберфизической безопасности: На нашем форуме мы обсуждаем безопасность киберфизических систем, их уязвимости и методы защиты. Эксперты поделятся лучшими практиками по обеспечению безопасности в мире автоматизации, сетевых технологий и умных устройств."
logo_14,Кибер Арена,"Проспект Волгоградский, дом 65","Конференция по мобильным технологиям: Это событие предназначено для изучения последних достижений в мобильных технологиях, разработке приложений и пользовательского опыта на мобильных устройствах. Участники узнают о новейших трендах в разработке мобильных приложений, маркетинге и монетизации мобильных продуктов."
logo_15,Cloudscape Conference,"Улица Школьная, дом 70","Конференция по технологиям XR (расширенной и виртуальной реальности): Наши специализированные сессии и практические мастер-классы погружают участников в мир XR технологий. Мы исследуем применение AR, VR и MR в образовании, медицине, игровой индустрии и других сферах, обсуждаем вызовы и возможности, которые представляют эти технологии."
logo_16,DevOps Дискуссия,"Переулок Лесной, дом 75","Конференция по киберфизическому проектированию и симуляции: Мероприятие ориентировано на инженеров и проектировщиков, которые интересуются использованием симуляции и виртуальных моделей для проектирования сложных киберфизических систем. Участники изучат методы виртуального тестирования, оптимизации производственных процессов и создания точных моделей."
logo_17,Blockchain Innovate,"Бульвар Садовый, дом 80","Конференция по технологиям роботизации: Наши специалисты и исследователи обсудят передовые технологии роботизации, включая автономные системы, искусственный интеллект и сенсорику. Мы исследуем применение роботов в производстве, сервисной отрасли и других областях, а также выявляем вызовы, с которыми сталкиваются разработчики робототехнических систем."
logo_18,UX Лаборатория,"Проспект Пролетарский, дом 85","Конференция по технологиям безопасности и управления доступом: Наши сессии посвящены современным технологиям и подходам к обеспечению безопасности и управлению доступом в корпоративной и общественной инфраструктуре. Участники узнают о новейших системах контроля доступа, биометрии и криптографии, а также обсудят лучшие практики по защите информации."
logo_19,ТехноСтарт,"Улица Полярная, дом 90","Конференция по технологиям автономного вождения: Это мероприятие объединяет специалистов и инноваторов, работающих в области автономных транспортных средств. Мы обсудим последние технологии в области машинного зрения, датчиков, искусственного интеллекта и робототехники, которые делают возможным автономное вождение в различных условиях."
logo_20,IoT Connect,"Переулок Молодежный, дом 95","Конференция по технологиям блокчейн и цифровым валютам: Наши эксперты и практики разделят свой опыт и знания о применении блокчейн в финансовой сфере, цифровых идентификаторах, смарт-контрактах и технологии распределенных реестров. Мы изучим потенциал блокчейн-технологий для улучшения прозрачности, безопасности и эффективности цифровых процессов."
logo_21,CodeImpact Forum,"Бульвар Речной, дом 100","Конференция по интернету вещей (IoT) и инновациям: Наши сессии и дискуссии нацелены на исследование передовых технологий IoT и их влияния на различные отрасли, включая промышленность, здравоохранение и умные города. Участники узнают о последних разработках в области датчиков, сетей связи и управления данными, способствующих революции в мире соединенных устройств."
logo_22,DataDive Hackathon,"Проспект Новый, дом 105","Форум по цифровому маркетингу и аналитике: На нашем форуме мы рассмотрим новейшие подходы к цифровому маркетингу, аналитике и оптимизации пользовательских взаимодействий. Участники изучат тенденции в области SEO, контент-маркетинга и аналитики поведения пользователей для улучшения конверсии и эффективности кампаний."
logo_23,AI Insights Day,"Улица Южная, дом 110","Конференция по компьютерной графике и визуализации: Это мероприятие предназначено для профессионалов и академического сообщества, занимающихся разработкой компьютерной графики и визуализации. Мы обсудим последние достижения в области рендеринга, виртуальной реальности и анимации, а также рассмотрим применение визуализации в образовании, дизайне и науке."
logo_24,Кибер Встреча,"Переулок Солнечный, дом 115","Конференция по технологиям реального времени: Наши эксперты и инженеры соберутся, чтобы обсудить технологии реального времени, используемые в различных приложениях от мобильных приложений до игровых движков и систем видеонаблюдения. Участники узнают о методах оптимизации производительности, синхронизации данных и разработки масштабируемых решений."
logo_25,CloudConclave,"Бульвар Мичурина, дом 120","Форум по технологиям электронной коммерции: Наши сессии посвящены современным трендам и инновациям в области электронной коммерции, включая платформы онлайн-торговли, платежные системы и пользовательский опыт. Участники узнают о лучших практиках в управлении электронными магазинами, создании персонализированных предложений и маркетинговых стратегиях."
logo_26,DevOps Dynamics,"Проспект Цветочный, дом 125","Конференция по инженерии программного обеспечения: Мы собрали ведущих инженеров и разработчиков для обсуждения методов и инструментов, используемых в процессе разработки программного обеспечения. Участники изучат Agile и Waterfall методологии, управление проектами и качество кода, чтобы улучшить производительность и качество разработки."
logo_27,Blockchain Breakthrough,"Улица Заречная, дом 130","Форум по технологиям обучения и e-Learning: Наши сессии предназначены для обсуждения технологий, тенденций и вызовов в области обучения через интернет и цифровых образовательных платформ. Участники узнают о новых методах виртуального обучения, разработке курсов и оценке эффективности e-Learning программ."
logo_28,UX Интеграция,"Переулок Весенний, дом 135","Конференция по развитию мобильных приложений: Это мероприятие посвящено разработке и продвижению мобильных приложений на различных платформах. Участники изучат инструменты разработки, UI/UX дизайн, монетизацию и маркетинг приложений, а также услышат отзывы успешных разработчиков и предпринимателей."
logo_29,ТехноБум,"Бульвар Озерный, дом 140","Конференция по инновациям в области медицины и здравоохранения: Наши специализированные сессии нацелены на изучение новейших технологий и их влияния на медицинскую практику и здравоохранение. Участники узнают о медицинских IoT устройствах, телемедицине, анализе медицинских данных и других инновациях, способных улучшить качество жизни пациентов."
logo_30,IoT Innovators,"Проспект Зеленый, дом 145","Форум по технологиям робототехники и автоматизации: Наше мероприятие объединяет инженеров и специалистов по робототехнике для обсуждения последних достижений в автономных системах и искусственном интеллекте. Участники узнают о применении роботов в производственных процессах, сервисной индустрии и медицине, а также о будущем развитии автоматизации."
logo_31,CodeQuest Summit,"Улица Парковая, дом 150","Конференция по киберфизическим системам в мобильной робототехнике: Это событие собирает специалистов и исследователей для обсуждения интеграции киберфизических систем в мобильных роботах. Участники изучат применение искусственного интеллекта, машинного зрения и автономной навигации в различных промышленных и научных приложениях."
logo_32,DataSphere Summit,"Переулок Октябрьский, дом 155","Конгресс по технологиям квантовых вычислений: Наши эксперты и ученые собираются для изучения передовых достижений в области квантовых вычислений. Участники узнают о квантовых алгоритмах, разработке квантовых компьютеров и их потенциальных применениях в криптографии, материаловедении и других областях."
logo_33,AI Evolution Forum,"Бульвар Нагорный, дом 160","Конференция по технологиям интернета будущего: Наши сессии посвящены исследованию технологий, способных изменить будущее интернета и цифровых коммуникаций. Участники изучат сети следующего поколения, 5G, расширенную реальность и другие инновации, формирующие будущее цифровой экосистемы."
logo_34,КиберПрайм,"Проспект Горный, дом 165","Форум по цифровой экономике и трансформации бизнеса: Наши специализированные сессии нацелены на изучение влияния цифровых технологий на экономику и бизнес-процессы. Участники узнают о цифровой стратегии, цифровизации отраслей и новых бизнес-моделях, способных обеспечить конкурентоспособность и устойчивость в цифровую эпоху."
logo_35,CloudTech Conference,"Улица Луговая, дом 170","Конференция по технологиям виртуальной реальности в образовании: Это мероприятие объединяет образовательные учреждения и технологические компании для обсуждения применения виртуальной и дополненной реальности в учебном процессе. Участники изучат виртуальные лаборатории, интерактивные учебные материалы и виртуальные экскурсии, способствующие эффективному обучению."
logo_36,DevOps Fusion,"Переулок Дачный, дом 175","Форум по технологиям распределенных реестров и финансовому рынку: Наши эксперты рассматривают влияние блокчейн и технологий распределенных реестров на финансовый сектор. Участники изучат применение смарт-контрактов, децентрализованных финансовых услуг и регулирование цифровых активов в мировой экономике."
logo_37,Blockchain Bash,"Бульвар Тихий, дом 180","Конференция по инновациям в технологиях автоматизации производства: Мы обсуждаем передовые методы и технологии, используемые в автоматизации производства и промышленных процессах. Участники изучат роботизированные системы, системы машинного зрения, адаптивное производство и цифровые двойники, способные оптимизировать производственные операции."
logo_38,UX Unplugged,"Проспект Крайний, дом 185","Конференция по управлению IT-проектами и портфелями: Наши сессии нацелены на обсуждение лучших практик управления IT-проектами, стратегическим планированием и управлением портфелями проектов. Участники узнают о методологиях Agile, Kanban, Lean и их применении для повышения эффективности и достижения бизнес-целей."
logo_39,ТехноКонтакт,"Улица Степная, дом 190","Форум по технологиям биометрии и идентификации: Мы изучаем новейшие разработки в области биометрических технологий и методов идентификации личности. Участники узнают о системах распознавания лиц, отпечатков пальцев, голоса и других биометрических данных, их применении в безопасности, здравоохранении и государственных службах."
logo_40,IoT Nexus,"Переулок Садовый, дом 195","Конференция по этике и искусственному интеллекту: Это мероприятие собирает ведущих ученых, разработчиков и общественных деятелей для обсуждения этических аспектов развития и применения искусственного интеллекта. Участники изучат вопросы автономных систем, персональной приватности и социальной ответственности в эпоху цифровой трансформации."
logo_41,CodeCraft Summit,"Бульвар Живописный, дом 200","Конференция по кибербезопасности и защите данных: Наши специализированные сессии нацелены на обсуждение актуальных угроз кибербезопасности и методов их предотвращения. Участники изучат технологии обнаружения угроз, защиты от вредоносного программного обеспечения и управления рисками информационной безопасности."
logo_42,DataDrive Conference,"Проспект Полярный, дом 205","Форум по биг-дата и аналитике: Мы рассматриваем влияние больших данных на бизнес-процессы и принятие решений. Участники узнают о методах сбора и обработки данных, машинном обучении и прогнозировании с использованием аналитики данных."
logo_43,AI Assemble,"Улица Комсомольская, дом 210","Конференция по технологиям голосового интерфейса и искусственного интеллекта: Это мероприятие посвящено исследованию развития голосовых технологий и их взаимодействия с искусственным интеллектом. Участники узнают о применении голосовых ассистентов, распознавании речи и автоматизации рутинных задач."
logo_44,КиберTech Forum,"Переулок Вокзальный, дом 215","Форум по электронной библиотеке и доступу к знаниям: Наши сессии посвящены развитию и инновациям в области электронных библиотек и цифрового доступа к знаниям. Участники изучат цифровизацию культурного наследия, технологии дистанционного обучения и глобальный доступ к образовательным ресурсам."
logo_45,CloudSummit,"Бульвар Лесной, дом 220","Конференция по технологиям дистрибуции контента: Это мероприятие объединяет профессионалов в области цифрового контента, потокового видео и медиа-технологий. Участники узнают о последних тенденциях в распространении и монетизации контента, а также обсудят влияние стриминговых платформ на индустрию развлечений."
logo_46,DevOps Dive,"Проспект Озерный, дом 225","Конференция по технологиям машинного обучения в здравоохранении: Наши специализированные сессии нацелены на исследование применения машинного обучения и анализа данных в медицинских исследованиях и здравоохранении. Участники изучат использование AI для диагностики, персонализированного лечения и улучшения качества медицинских услуг."
logo_47,Blockchain Beacon,"Улица Речная, дом 230","Форум по технологиям распознавания образов и виртуальной реальности: Мы обсуждаем прогрессивные методы виртуальной реальности и технологии распознавания образов. Участники узнают о применении VR в образовательных целях, тренды в разработке VR контента и перспективы интеграции VR в повседневную жизнь."
logo_48,UX Evolve,"Переулок Цветочный, дом 235","Конференция по технологиям децентрализованных финансов и блокчейн-платформам: Это мероприятие сосредоточено на развитии экосистем децентрализованных финансов и блокчейн-технологий. Участники изучат платформы для децентрализованных приложений, DeFi протоколы и инвестиционные возможности в цифровых активах."
logo_49,ТехноСфера,"Бульвар Южный, дом 240","Форум по технологиям телемедицины и здравоохранительным системам: Наши специализированные сессии нацелены на изучение развития телемедицинских технологий и их влияния на здравоохранительную систему. Участники узнают о виртуальных консультациях, мониторинге пациентов и перспективах развития цифровой медицины."
logo_50,IoT Impact,"Проспект Солнечный, дом 245","Конференция по технологиям обработки естественного языка (NLP): Это мероприятие собирает ведущих специалистов по обработке естественного языка для обсуждения последних достижений и применений NLP. Участники изучат методы анализа текстов, разработки чат-ботов и переводчиков, а также применение NLP в аналитике и машинном обучении."
