password,first_name,last_name,email,user_photo
Defaultpsw50,Александр,Иванов,ivanov@gmail.com,speaker-01.jpg
Defaultpsw50,Екатерина,Петрова,petrova@gmail.com,speaker-02.jpg
Defaultpsw50,Дмитрий,Смирнов,smirnov@gmail.com,speaker-03.jpg
Defaultpsw50,Ольга,Соколова,sokolova@gmail.com,speaker-04.jpg
Defaultpsw50,Иван,Михайлов,mikhailov@gmail.com,speaker-05.jpg
Defaultpsw50,Мария,Новикова,novikova@gmail.com,speaker-06.jpg
Defaultpsw50,Алексей,Федоров,fedorov@gmail.com,speaker-07.jpg
Defaultpsw50,Елена,Морозова,morozova@gmail.com,speaker-08.jpg
Defaultpsw50,Сергей,Волков,volkov@gmail.com,speaker-09.jpg
Defaultpsw50,Татьяна,Алексеева,alexeeva@gmail.com,speaker-10.jpg
Defaultpsw50,Андрей,Лебедев,lebedev@gmail.com,speaker-11.jpg
Defaultpsw50,Наталья,Семенова,semenova@gmail.com,speaker-12.jpg
Defaultpsw50,Павел,Егоров,egorov@gmail.com,speaker-13.jpg
Defaultpsw50,Юлия,Павлова,pavlova@gmail.com,speaker-14.jpg
Defaultpsw50,Константин,Козлов,kozlov@gmail.com,speaker-15.jpg
Defaultpsw50,Анна,Степанова,stepanova@gmail.com,speaker-16.jpg
Defaultpsw50,Максим,Николаев,nikolaev@gmail.com,speaker-17.jpg
Defaultpsw50,Евгения,Орлова,orlova@gmail.com,speaker-18.jpg
Defaultpsw50,Игорь,Андреев,andreev@gmail.com,speaker-19.jpg
Defaultpsw50,Оксана,Макарова,makarova@gmail.com,speaker-20.jpg
Defaultpsw50,Владимир,Федотов,fedotov@gmail.com,speaker-21.jpg
Defaultpsw50,Светлана,Тихонова,tikhonova@gmail.com,speaker-22.jpg
Defaultpsw50,Артем,Кузнецов,kuznetsov@gmail.com,speaker-23.jpg
Defaultpsw50,Елена,Комарова,komarova@gmail.com,speaker-24.jpg
Defaultpsw50,Антонина,Белова,belova@gmail.com,speaker-25.jpg
Defaultpsw50,Георгий,Королев,korolev@gmail.com,speaker-26.jpg
Defaultpsw50,Ольга,Гусева,guseva@gmail.com,speaker-27.jpg
Defaultpsw50,Денис,Киселев,kiselev@gmail.com,speaker-28.jpg
Defaultpsw50,Екатерина,Максимова,maximova@gmail.com,speaker-29.jpg
Defaultpsw50,Александр,Фадеев,fadeev@gmail.com,speaker-30.jpg
Defaultpsw50,Ирина,Богданова,bogdanova@gmail.com,speaker-31.jpg
Defaultpsw50,Алексей,Зайцев,zaytsev@gmail.com,speaker-32.jpg
Defaultpsw50,Наталья,Полякова,polyakova@gmail.com,speaker-33.jpg
Defaultpsw50,Виктор,Гаврилов,gavrilov@gmail.com,speaker-34.jpg
Defaultpsw50,Елена,Терентьева,terenteva@gmail.com,speaker-35.jpg
Defaultpsw50,Михаил,Родионов,rodionov@gmail.com,speaker-36.jpg
Defaultpsw50,Татьяна,Карпова,karpova@gmail.com,speaker-37.jpg
Defaultpsw50,Андрей,Закharов,zakharov@gmail.com,speaker-38.jpg
Defaultpsw50,Ольга,Антонова,antonova@gmail.com,speaker-39.jpg
Defaultpsw50,Сергей,Дмитриев,dmitriev@gmail.com,speaker-40.jpg
Defaultpsw50,Евгения,Григорьева,grigoryeva@gmail.com,speaker-41.jpg
Defaultpsw50,Александр,Савельев,saveliev@gmail.com,speaker-42.jpg
Defaultpsw50,Марина,Панова,panova@gmail.com,speaker-43.jpg
Defaultpsw50,Дмитрий,Тимофеев,timofeev@gmail.com,speaker-44.jpg
Defaultpsw50,Наталья,Васильева,vasilieva@gmail.com,speaker-45.jpg
Defaultpsw50,Игорь,Петухов,petukhov@gmail.com,speaker-46.jpg
Defaultpsw50,Елена,Сергеева,sergeeva@gmail.com,speaker-47.jpg
Defaultpsw50,Анна,Никитина,nikitina@gmail.com,speaker-48.jpg
Defaultpsw50,Сергей,Кулаков,kulakov@gmail.com,speaker-49.jpg
Defaultpsw50,Ольга,Артемьева,artemyeva@gmail.com,speaker-50.jpg
